1,Tracy ,Stokley,990000112345,2001-01-01,Tracy Stokley1@gmail.com
2,Ken ,Grigg,990000112346,2001-01-01,Ken Grigg2@gmail.com
3,Jacques ,Sandoz,990000112347,2001-01-01,Jacques Sandoz3@gmail.com
4,Rickie ,Ciampa,990000112348,2001-01-01,Rickie Ciampa4@gmail.com
5,Andreas ,Vicini,990000112349,2001-01-01,Andreas Vicini5@gmail.com
6,Kurt ,Gariepy,990000112350,2001-01-01,Kurt Gariepy6@gmail.com
7,Hoyt ,Ruddick,,2001-01-01,Hoyt Ruddick7@gmail.com
8,Moshe ,Bloomberg,990000112352,2001-01-01,Moshe Bloomberg8@gmail.com
9,Steve ,Lindamood,990000112353,2001-01-01,Steve Lindamood9@gmail.com
10,Sandy ,Yearta,990000112354,2001-01-01,Sandy Yearta10@gmail.com
11,Tyler ,Alves,990000112355,2001-01-01,
12,Kerry ,Prindle,990000112356,2001-01-01,Kerry Prindle12@gmail.com
13,Lucio ,Spiro,990000112357,2001-01-01,Lucio Spiro13@gmail.com
14,Shannon ,Dufour,990000112358,2001-01-01,Shannon Dufour14@gmail.com
15,Leonardo ,Negrete,990000112359,2001-01-01,
16,Kim ,Mccurley,990000112360,2001-01-01,Kim Mccurley16@gmail.com
17,Wilson ,Demelo,990000112361,2001-01-01,Wilson Demelo17@gmail.com
18,Chuck ,Deleo,990000112362,2001-01-01,Chuck Deleo18@gmail.com
19,Seth ,Rayford,990000112363,2001-01-01,Seth Rayford19@gmail.com
20,Conrad ,Melville,990000112364,2001-01-01,Conrad Melville20@gmail.com
21,Sebastian ,Dorton,990000112365,2001-01-01,Sebastian Dorton21@gmail.com
22,Dana ,Toms,990000112366,2001-01-01,
23,Wyatt ,Strope,990000112367,2001-01-01,Wyatt Strope23@gmail.com
24,Cletus ,Exum,990000112368,2001-01-01,Cletus Exum24@gmail.com
25,Josh ,Heffley,990000112369,2001-01-01,Josh Heffley25@gmail.com
26,Lesley ,Mccreary,990000112370,2001-01-01,Lesley Mccreary26@gmail.com
27,Chad ,Lepley,990000112371,2001-01-01,Chad Lepley27@gmail.com
28,Freddy ,Como,990000112372,2001-01-01,Freddy Como28@gmail.com
29,Hugh ,Chalk,990000112373,2001-01-01,Hugh Chalk29@gmail.com
30,Marshall ,Skipworth,990000112374,2001-01-01,Marshall Skipworth30@gmail.com
31,Jim ,Jonason,990000112375,2001-01-01,Jim Jonason31@gmail.com
32,Ed ,Gambrel,990000112376,2001-01-01,Ed Gambrel32@gmail.com
33,Stacey ,Tostado,990000112377,2001-01-01,Stacey Tostado33@gmail.com
34,Everett ,Mooneyham,990000112378,2001-01-01,Everett Mooneyham34@gmail.com
35,Greg ,Mcvey,990000112379,2001-01-01,Greg Mcvey35@gmail.com
36,Roberto ,Collier,990000112380,2001-01-01,Roberto Collier36@gmail.com
37,Desmond ,Carasco,990000112381,2001-01-01,Desmond Carasco37@gmail.com
38,Dewey ,Marler,990000112382,2001-01-01,Dewey Marler38@gmail.com
39,Ivan ,Buss,990000112383,2001-01-01,Ivan Buss39@gmail.com
40,Sonny ,Cutter,990000112384,2001-01-01,Sonny Cutter40@gmail.com
41,Eldridge ,Wilcox,990000112385,2001-01-01,Eldridge Wilcox41@gmail.com
42,Christian ,Anders,990000112386,2001-01-01,Christian Anders42@gmail.com
43,Leif ,Mcauley,990000112387,2001-01-01,Leif Mcauley43@gmail.com
44,Ernesto ,Onorato,990000112388,2001-01-01,Ernesto Onorato44@gmail.com
45,Renato ,Staats,990000112389,2001-01-01,Renato Staats45@gmail.com
46,Tommy ,Wattles,990000112390,2001-01-01,Tommy Wattles46@gmail.com
47,Antwan ,Coffman,990000112391,2001-01-01,Antwan Coffman47@gmail.com
48,Rolando ,Reagle,990000112392,2001-01-01,Rolando Reagle48@gmail.com
49,Lindsay ,Kreutzer,990000112393,2001-01-01,Lindsay Kreutzer49@gmail.com
50,Antonio ,Mckeller,990000112394,2001-01-01,Antonio Mckeller50@gmail.com
51,Rosalee ,Estell,990000112395,2001-01-01,Rosalee Estell51@gmail.com
52,Olimpia ,Smithers,990000112396,2001-01-01,Olimpia Smithers52@gmail.com
53,Shandra ,Polzin,990000112397,2001-01-01,Shandra Polzin53@gmail.com
54,Cristine ,Faller,990000112398,2001-01-01,Cristine Faller54@gmail.com
55,Waneta ,Miro,990000112399,2001-01-01,Waneta Miro55@gmail.com
56,Joanna ,Ebner,990000112400,2001-01-01,Joanna Ebner56@gmail.com
57,Cristie ,Klem,990000112401,2001-01-01,Cristie Klem57@gmail.com
58,Dorotha ,Shack,990000112402,2001-01-01,Dorotha Shack58@gmail.com
59,Alejandrina ,Felt,990000112403,2001-01-01,Alejandrina Felt59@gmail.com
60,Suzette ,Harriston,990000112404,2001-01-01,Suzette Harriston60@gmail.com
61,Jillian ,Janecek,990000112405,2001-01-01,Jillian Janecek61@gmail.com
62,Euna ,Grays,990000112406,2001-01-01,Euna Grays62@gmail.com
63,Rosy ,Nuckols,990000112407,2001-01-01,Rosy Nuckols63@gmail.com
64,An ,Manna,990000112408,2001-01-01,An Manna64@gmail.com
65,Beatris ,Woodward,990000112409,2001-01-01,Beatris Woodward65@gmail.com
66,Sha ,Rochin,990000112410,2001-01-01,Sha Rochin66@gmail.com
67,Rossie ,Hamer,990000112411,2001-01-01,Rossie Hamer67@gmail.com
68,Danille ,Sharples,990000112412,2001-01-01,Danille Sharples68@gmail.com
69,Elouise ,Monteleone,990000112413,2001-01-01,Elouise Monteleone69@gmail.com
70,Brianne ,Cazares,990000112414,2001-01-01,Brianne Cazares70@gmail.com
71,Rhea ,Mccollom,990000112415,2001-01-01,Rhea Mccollom71@gmail.com
72,Ashlee ,Guthridge,990000112416,2001-01-01,Ashlee Guthridge72@gmail.com
73,Jule ,Pratts,990000112417,2001-01-01,Jule Pratts73@gmail.com
74,Shelley ,Remy,990000112418,2001-01-01,Shelley Remy74@gmail.com
75,Wendie ,Rodriguez,990000112419,2001-01-01,Wendie Rodriguez75@gmail.com
76,Christena ,Ruhland,990000112420,2001-01-01,Christena Ruhland76@gmail.com
77,Irene ,Bozek,990000112421,2001-01-01,Irene Bozek77@gmail.com
78,Meaghan ,Geddie,990000112422,2001-01-01,Meaghan Geddie78@gmail.com
79,Rosita ,Gebhardt,990000112423,2001-01-01,Rosita Gebhardt79@gmail.com
80,Liza ,Fell,990000112424,2001-01-01,Liza Fell80@gmail.com
81,Marjory ,Slate,990000112425,2001-01-01,Marjory Slate81@gmail.com
82,Concetta ,Hornberger,990000112426,2001-01-01,Concetta Hornberger82@gmail.com
83,Rebecca ,Harcrow,990000112427,2001-01-01,Rebecca Harcrow83@gmail.com
84,Eryn ,Tineo,990000112428,2001-01-01,Eryn Tineo84@gmail.com
85,Maisie ,Domenico,990000112429,2001-01-01,Maisie Domenico85@gmail.com
86,Danika ,Winer,990000112430,2001-01-01,Danika Winer86@gmail.com
87,Fredericka ,Rux,990000112431,2001-01-01,Fredericka Rux87@gmail.com
88,Kiyoko ,Hamid,990000112432,2001-01-01,Kiyoko Hamid88@gmail.com
89,Armida ,Kitchell,990000112433,2001-01-01,Armida Kitchell89@gmail.com
90,Melita ,Boroughs,990000112434,2001-01-01,Melita Boroughs90@gmail.com
91,Rubie ,Riche,990000112435,2001-01-01,Rubie Riche91@gmail.com
92,Hilma ,Wasielewski,990000112436,2001-01-01,Hilma Wasielewski92@gmail.com
93,Sonja ,Zalenski,990000112437,2001-01-01,Sonja Zalenski93@gmail.com
94,Amada ,Deweese,990000112438,2001-01-01,Amada Deweese94@gmail.com
95,Jetta ,Garica,990000112439,2001-01-01,Jetta Garica95@gmail.com
96,Trina ,Dilullo,990000112440,2001-01-01,Trina Dilullo96@gmail.com
97,Betsy ,Bevington,990000112441,2001-01-01,Betsy Bevington97@gmail.com
98,Masako ,Wallick,990000112442,2001-01-01,Masako Wallick98@gmail.com
99,Asha ,Mcsween,990000112443,2001-01-01,Asha Mcsween99@gmail.com
100,Camila ,Setzer,990000112444,2001-01-01,Camila Setzer100@gmail.com
